offerId	priceUSD	rewards
offer_daily_ability_token_bundle_CU_S1_HD	8.99	draft_abilityTokensUncommon:12,draft_abilityTokensUncommon:12,draft_abilityTokensUncommon:12,draft_abilityTokensCommon:12,draft_abilityTokensCommon:12,draft_abilityTokensCommon:12
offer_daily_ability_token_bundle_CU_S1_LD	3.99	draft_abilityTokensUncommon:5,draft_abilityTokensUncommon:5,draft_abilityTokensUncommon:5,draft_abilityTokensCommon:6,draft_abilityTokensCommon:6,draft_abilityTokensCommon:6
offer_daily_ability_token_bundle_CU_S1_MD	6.99	draft_abilityTokensUncommon:9,draft_abilityTokensUncommon:9,draft_abilityTokensUncommon:9,draft_abilityTokensCommon:10,draft_abilityTokensCommon:10,draft_abilityTokensCommon:10
offer_daily_ability_token_bundle_CU_S1_SHD	9.99	draft_abilityTokensUncommon:13,draft_abilityTokensUncommon:13,draft_abilityTokensUncommon:13,draft_abilityTokensCommon:14,draft_abilityTokensCommon:14,draft_abilityTokensCommon:14
offer_daily_ability_token_bundle_CU_S4_HD	14.99	draft_abilityTokensUncommon:21,draft_abilityTokensUncommon:21,draft_abilityTokensUncommon:21,draft_abilityTokensCommon:18,draft_abilityTokensCommon:18,draft_abilityTokensCommon:18
offer_daily_ability_token_bundle_CU_S4_LD	4.99	draft_abilityTokensUncommon:7,draft_abilityTokensUncommon:7,draft_abilityTokensUncommon:7,draft_abilityTokensCommon:6,draft_abilityTokensCommon:6,draft_abilityTokensCommon:6
offer_daily_ability_token_bundle_CU_S4_MD	9.99	draft_abilityTokensUncommon:14,draft_abilityTokensUncommon:14,draft_abilityTokensUncommon:14,draft_abilityTokensCommon:12,draft_abilityTokensCommon:12,draft_abilityTokensCommon:12
offer_daily_ability_token_bundle_CU_S4_SHD	19.99	draft_abilityTokensUncommon:26,draft_abilityTokensUncommon:26,draft_abilityTokensUncommon:26,draft_abilityTokensCommon:28,draft_abilityTokensCommon:28,draft_abilityTokensCommon:28
offer_daily_ability_token_bundle_CU_XS3_HD	5.99	draft_abilityTokensUncommon:8,draft_abilityTokensUncommon:8,draft_abilityTokensUncommon:8,draft_abilityTokensCommon:8,draft_abilityTokensCommon:8,draft_abilityTokensCommon:8
offer_daily_ability_token_bundle_CU_XS3_LD	2.99	draft_abilityTokensUncommon:4,draft_abilityTokensUncommon:4,draft_abilityTokensUncommon:4,draft_abilityTokensCommon:4,draft_abilityTokensCommon:4,draft_abilityTokensCommon:4
offer_daily_ability_token_bundle_CU_XS3_MD	4.99	draft_abilityTokensUncommon:7,draft_abilityTokensUncommon:7,draft_abilityTokensUncommon:7,draft_abilityTokensCommon:6,draft_abilityTokensCommon:6,draft_abilityTokensCommon:6
offer_daily_ability_token_bundle_CU_XS3_SHD	7.99	draft_abilityTokensUncommon:11,draft_abilityTokensUncommon:11,draft_abilityTokensUncommon:11,draft_abilityTokensCommon:10,draft_abilityTokensCommon:10,draft_abilityTokensCommon:10
offer_daily_ability_token_bundle_EL_L1_HD	34.99	draft_abilityTokensLegendary:12,draft_abilityTokensLegendary:9,draft_abilityTokensEpic:12,draft_abilityTokensEpic:9
offer_daily_ability_token_bundle_EL_L1_LD	14.99	draft_abilityTokensLegendary:9,draft_abilityTokensEpic:9
offer_daily_ability_token_bundle_EL_L1_MD	24.99	draft_abilityTokensLegendary:9,draft_abilityTokensLegendary:6,draft_abilityTokensEpic:9,draft_abilityTokensEpic:6
offer_daily_ability_token_bundle_EL_L1_SHD	39.99	draft_abilityTokensLegendary:12,draft_abilityTokensLegendary:12,draft_abilityTokensEpic:12,draft_abilityTokensEpic:12
offer_daily_ability_token_bundle_EL_M3_HD	24.99	draft_abilityTokensLegendary:9,draft_abilityTokensLegendary:6,draft_abilityTokensEpic:9,draft_abilityTokensEpic:6
offer_daily_ability_token_bundle_EL_M3_LD	9.99	draft_abilityTokensLegendary:6,draft_abilityTokensEpic:6
offer_daily_ability_token_bundle_EL_M3_MD	19.99	draft_abilityTokensLegendary:6,draft_abilityTokensLegendary:6,draft_abilityTokensEpic:6,draft_abilityTokensEpic:6
offer_daily_ability_token_bundle_EL_M3_SHD	29.99	draft_abilityTokensLegendary:9,draft_abilityTokensLegendary:9,draft_abilityTokensEpic:9,draft_abilityTokensEpic:9
offer_daily_ability_token_bundle_EL_S4_HD	14.99	draft_abilityTokensLegendary:6,draft_abilityTokensLegendary:3,draft_abilityTokensEpic:6,draft_abilityTokensEpic:3
offer_daily_ability_token_bundle_EL_S4_LD	4.99	draft_abilityTokensLegendary:2,draft_abilityTokensLegendary:1,draft_abilityTokensEpic:2,draft_abilityTokensEpic:1
offer_daily_ability_token_bundle_EL_S4_MD	9.99	draft_abilityTokensLegendary:3,draft_abilityTokensLegendary:3,draft_abilityTokensEpic:3,draft_abilityTokensEpic:3
offer_daily_ability_token_bundle_EL_S4_SHD	19.99	draft_abilityTokensLegendary:6,draft_abilityTokensLegendary:6,draft_abilityTokensEpic:6,draft_abilityTokensEpic:6
offer_daily_ability_token_bundle_LM_L1_HD	34.99	draft_abilityTokensMythic:7,draft_abilityTokensMythic:7,draft_abilityTokensLegendary:7,draft_abilityTokensLegendary:7
offer_daily_ability_token_bundle_LM_L1_LD	14.99	draft_abilityTokensMythic:3,draft_abilityTokensMythic:3,draft_abilityTokensLegendary:3,draft_abilityTokensLegendary:3
offer_daily_ability_token_bundle_LM_L1_MD	24.99	draft_abilityTokensMythic:5,draft_abilityTokensMythic:5,draft_abilityTokensLegendary:5,draft_abilityTokensLegendary:5
offer_daily_ability_token_bundle_LM_L1_SHD	39.99	draft_abilityTokensMythic:8,draft_abilityTokensMythic:8,draft_abilityTokensLegendary:8,draft_abilityTokensLegendary:8
offer_daily_ability_token_bundle_LM_M2_HD	19.99	draft_abilityTokensMythic:4,draft_abilityTokensMythic:4,draft_abilityTokensLegendary:4,draft_abilityTokensLegendary:4
offer_daily_ability_token_bundle_LM_M2_LD	9.99	draft_abilityTokensMythic:2,draft_abilityTokensMythic:2,draft_abilityTokensLegendary:2,draft_abilityTokensLegendary:2
offer_daily_ability_token_bundle_LM_M2_MD	14.99	draft_abilityTokensMythic:3,draft_abilityTokensMythic:3,draft_abilityTokensLegendary:3,draft_abilityTokensLegendary:3
offer_daily_ability_token_bundle_LM_M2_SHD	24.99	draft_abilityTokensMythic:5,draft_abilityTokensMythic:5,draft_abilityTokensLegendary:5,draft_abilityTokensLegendary:5
offer_daily_ability_token_bundle_LM_S2_HD	9.99	draft_abilityTokensMythic:4,draft_abilityTokensLegendary:4
offer_daily_ability_token_bundle_LM_S2_LD	4.99	draft_abilityTokensMythic:2,draft_abilityTokensLegendary:2
offer_daily_ability_token_bundle_LM_S2_MD	4.99	draft_abilityTokensMythic:2,draft_abilityTokensLegendary:2
offer_daily_ability_token_bundle_LM_S2_SHD	14.99	draft_abilityTokensMythic:6,draft_abilityTokensLegendary:6
offer_daily_ability_token_bundle_RE_M2_HD	19.99	draft_abilityTokensEpic:10,draft_abilityTokensEpic:10,draft_abilityTokensRare:14,draft_abilityTokensRare:14
offer_daily_ability_token_bundle_RE_M2_LD	7.99	draft_abilityTokensEpic:8,draft_abilityTokensRare:11
offer_daily_ability_token_bundle_RE_M2_MD	15.99	draft_abilityTokensEpic:8,draft_abilityTokensEpic:8,draft_abilityTokensRare:11,draft_abilityTokensRare:11
offer_daily_ability_token_bundle_RE_M2_SHD	24.99	draft_abilityTokensEpic:13,draft_abilityTokensEpic:13,draft_abilityTokensRare:16,draft_abilityTokensRare:16
offer_daily_ability_token_bundle_RE_M4_HD	29.99	draft_abilityTokensEpic:15,draft_abilityTokensEpic:15,draft_abilityTokensRare:21,draft_abilityTokensRare:21
offer_daily_ability_token_bundle_RE_M4_LD	9.99	draft_abilityTokensEpic:5,draft_abilityTokensEpic:5,draft_abilityTokensRare:7,draft_abilityTokensRare:7
offer_daily_ability_token_bundle_RE_M4_MD	24.99	draft_abilityTokensEpic:13,draft_abilityTokensEpic:13,draft_abilityTokensRare:16,draft_abilityTokensRare:16
offer_daily_ability_token_bundle_RE_M4_SHD	34.99	draft_abilityTokensEpic:20,draft_abilityTokensEpic:15,draft_abilityTokensRare:24,draft_abilityTokensRare:24
offer_daily_ability_token_bundle_RE_S2_HD	9.99	draft_abilityTokensEpic:5,draft_abilityTokensEpic:5,draft_abilityTokensRare:7,draft_abilityTokensRare:7
offer_daily_ability_token_bundle_RE_S2_LD	4.99	draft_abilityTokensEpic:5,draft_abilityTokensRare:7
offer_daily_ability_token_bundle_RE_S2_MD	7.99	draft_abilityTokensEpic:8,draft_abilityTokensRare:11
offer_daily_ability_token_bundle_RE_S2_SHD	15.99	draft_abilityTokensEpic:8,draft_abilityTokensEpic:8,draft_abilityTokensRare:11,draft_abilityTokensRare:11
offer_daily_ability_token_bundle_UR_M1_HD	15.99	draft_abilityTokensRare:12,draft_abilityTokensRare:12,draft_abilityTokensRare:12,draft_abilityTokensUncommon:12,draft_abilityTokensUncommon:12,draft_abilityTokensUncommon:12
offer_daily_ability_token_bundle_UR_M1_LD	23.99	draft_abilityTokensRare:18,draft_abilityTokensRare:18,draft_abilityTokensRare:18,draft_abilityTokensUncommon:19,draft_abilityTokensUncommon:19,draft_abilityTokensUncommon:19
offer_daily_ability_token_bundle_UR_M1_MD	6.99	draft_abilityTokensRare:5,draft_abilityTokensRare:5,draft_abilityTokensRare:5,draft_abilityTokensUncommon:6,draft_abilityTokensUncommon:6,draft_abilityTokensUncommon:6
offer_daily_ability_token_bundle_UR_M1_SHD	23.99	draft_abilityTokensRare:18,draft_abilityTokensRare:18,draft_abilityTokensRare:18,draft_abilityTokensUncommon:19,draft_abilityTokensUncommon:19,draft_abilityTokensUncommon:19
offer_daily_ability_token_bundle_UR_M4_HD	29.99	draft_abilityTokensRare:21,draft_abilityTokensRare:21,draft_abilityTokensRare:21,draft_abilityTokensUncommon:27,draft_abilityTokensUncommon:27,draft_abilityTokensUncommon:27
offer_daily_ability_token_bundle_UR_M4_LD	9.99	draft_abilityTokensRare:7,draft_abilityTokensRare:7,draft_abilityTokensRare:7,draft_abilityTokensUncommon:9,draft_abilityTokensUncommon:9,draft_abilityTokensUncommon:9
offer_daily_ability_token_bundle_UR_M4_MD	24.99	draft_abilityTokensRare:18,draft_abilityTokensRare:18,draft_abilityTokensRare:18,draft_abilityTokensUncommon:21,draft_abilityTokensUncommon:21,draft_abilityTokensUncommon:21
offer_daily_ability_token_bundle_UR_M4_SHD	34.99	draft_abilityTokensRare:25,draft_abilityTokensRare:25,draft_abilityTokensRare:25,draft_abilityTokensUncommon:30,draft_abilityTokensUncommon:30,draft_abilityTokensUncommon:30
offer_daily_ability_token_bundle_UR_S1_HD	7.99	draft_abilityTokensRare:6,draft_abilityTokensRare:6,draft_abilityTokensRare:6,draft_abilityTokensUncommon:6,draft_abilityTokensUncommon:6,draft_abilityTokensUncommon:6
offer_daily_ability_token_bundle_UR_S1_LD	3.99	draft_abilityTokensRare:3,draft_abilityTokensRare:3,draft_abilityTokensRare:3,draft_abilityTokensUncommon:3,draft_abilityTokensUncommon:3,draft_abilityTokensUncommon:3
offer_daily_ability_token_bundle_UR_S1_MD	6.99	draft_abilityTokensRare:5,draft_abilityTokensRare:5,draft_abilityTokensRare:5,draft_abilityTokensUncommon:6,draft_abilityTokensUncommon:6,draft_abilityTokensUncommon:6
offer_daily_ability_token_bundle_UR_S1_SHD	9.99	draft_abilityTokensRare:7,draft_abilityTokensRare:7,draft_abilityTokensRare:7,draft_abilityTokensUncommon:9,draft_abilityTokensUncommon:9,draft_abilityTokensUncommon:9
offer_daily_ability_tokens_l	9.99	draft_abilityTokensLegendary:6,draft_abilityTokensEpic:6
offer_daily_ability_tokens_m	7.99	draft_abilityTokensEpic:8,draft_abilityTokensRare:8
offer_daily_ability_tokens_s	3.99	draft_abilityTokensRare:3,draft_abilityTokensRare:3,draft_abilityTokensUncommon:6,draft_abilityTokensCommon:8
offer_daily_ability_tokens_xl	13.99	draft_abilityTokensMythic:5,draft_abilityTokensLegendary:5
offer_daily_battle_tokens_gems_HD	29.99	stamina_waves:3,stamina_treasureBeach:2,gems:3200
offer_daily_battle_tokens_gems_LD	9.99	stamina_waves:1,stamina_treasureBeach:1,gems:1000
offer_daily_battle_tokens_gems_MD	24.99	stamina_waves:2,stamina_treasureBeach:1,gems:3000
offer_daily_battle_tokens_gems_SHD	34.99	stamina_waves:4,stamina_treasureBeach:2,gems:3500
offer_daily_battle_tokens_stamina_HD	14.99	stamina_waves:3,stamina_treasureBeach:2,stamina:150,raidTicket:25
offer_daily_battle_tokens_stamina_LD	4.99	stamina_waves:1,stamina_treasureBeach:1,stamina:30,raidTicket:5
offer_daily_battle_tokens_stamina_MD	9.99	stamina_waves:2,stamina_treasureBeach:1,stamina:120,raidTicket:20
offer_daily_battle_tokens_stamina_SHD	19.99	stamina_waves:4,stamina_treasureBeach:2,stamina:240,raidTicket:40
offer_daily_blessed_requisition_orders_l	14.99	specialSummoningToken:5,gems:600
offer_daily_blessed_requisition_orders_m	8.99	specialSummoningToken:3,gems:350
offer_daily_blessed_requisition_orders_s	4.99	specialSummoningToken:2,gems:50
offer_daily_blessed_requisition_orders_xl	19.99	specialSummoningToken:6,gems:1100
offer_daily_blessed_requisitions_M4_HD	29.99	specialSummoningToken:15
offer_daily_blessed_requisitions_M4_LD	9.99	specialSummoningToken:5
offer_daily_blessed_requisitions_M4_MD	19.99	specialSummoningToken:10
offer_daily_blessed_requisitions_M4_SHD	39.99	specialSummoningToken:20
offer_daily_blessed_requisitions_XL3_HD	79.99	specialSummoningToken:50
offer_daily_blessed_requisitions_XL3_LD	39.99	specialSummoningToken:25
offer_daily_blessed_requisitions_XL3_MD	59.99	specialSummoningToken:38
offer_daily_blessed_requisitions_XL3_SHD	99.99	specialSummoningToken:63
offer_daily_blessed_requisitions_gems_L1_HD	34.99	specialSummoningToken:15,gems:500
offer_daily_blessed_requisitions_gems_L1_LD	6.99	specialSummoningToken:3,gems:100
offer_daily_blessed_requisitions_gems_L1_MD	13.99	specialSummoningToken:6,gems:200
offer_daily_blessed_requisitions_gems_L1_SHD	49.99	specialSummoningToken:21,gems:850
offer_daily_blessed_requisitions_shards_L1_HD	34.99	specialSummoningToken:14,ShardsIfUnlocked:70
offer_daily_blessed_requisitions_shards_L1_LD	14.99	specialSummoningToken:6,ShardsIfUnlocked:30
offer_daily_blessed_requisitions_shards_L1_MD	24.99	specialSummoningToken:10,ShardsIfUnlocked:50
offer_daily_blessed_requisitions_shards_L1_SHD	39.99	specialSummoningToken:16,ShardsIfUnlocked:80
offer_daily_chaos_requisition_orders	7.99	summoningToken:3,ShardsChaos:20
offer_daily_chaos_requisition_orders_HD	23.99	summoningToken:9,ShardsChaos:75
offer_daily_chaos_requisition_orders_LD	7.99	summoningToken:3,ShardsChaos:25
offer_daily_chaos_requisition_orders_MD	15.99	summoningToken:6,ShardsChaos:50
offer_daily_chaos_requisition_orders_SHD	39.99	summoningToken:15,ShardsChaos:125
offer_daily_combined_requisition_orders_l	14.99	summoningToken:3,specialSummoningToken:3,gems:450
offer_daily_combined_requisition_orders_m	9.99	summoningToken:2,specialSummoningToken:2,gems:300
offer_daily_combined_requisition_orders_s	4.99	summoningToken:1,specialSummoningToken:1,gems:150
offer_daily_combined_requisition_orders_xl	19.99	summoningToken:4,specialSummoningToken:4,gems:600
offer_daily_combined_requisition_orders_xxl	24.99	summoningToken:5,specialSummoningToken:5,gems:750
offer_daily_combined_requisitions_L2_HD	44.99	summoningToken:15,specialSummoningToken:12
offer_daily_combined_requisitions_L2_LD	14.99	summoningToken:5,specialSummoningToken:4
offer_daily_combined_requisitions_L2_MD	29.99	summoningToken:10,specialSummoningToken:8
offer_daily_combined_requisitions_L2_SHD	59.99	summoningToken:20,specialSummoningToken:16
offer_daily_combined_requisitions_M3_HD	24.99	summoningToken:10,specialSummoningToken:4
offer_daily_combined_requisitions_M3_LD	6.99	summoningToken:3,specialSummoningToken:1
offer_daily_combined_requisitions_M3_MD	13.99	summoningToken:6,specialSummoningToken:2
offer_daily_combined_requisitions_M3_SHD	34.99	summoningToken:15,specialSummoningToken:5
offer_daily_combined_requisitions_M4_HD	29.99	specialSummoningToken:12,summoningToken:3
offer_daily_combined_requisitions_M4_LD	9.99	specialSummoningToken:4,summoningToken:1
offer_daily_combined_requisitions_M4_MD	19.99	specialSummoningToken:8,summoningToken:2
offer_daily_combined_requisitions_M4_SHD	39.99	specialSummoningToken:16,summoningToken:4
offer_daily_combined_requisitions_gems_M2_HD	19.99	summoningToken:4,specialSummoningToken:4,gems:800
offer_daily_combined_requisitions_gems_M2_LD	4.99	summoningToken:1,specialSummoningToken:1,gems:200
offer_daily_combined_requisitions_gems_M2_MD	14.99	summoningToken:3,specialSummoningToken:3,gems:600
offer_daily_combined_requisitions_gems_M2_SHD	24.99	summoningToken:5,specialSummoningToken:5,gems:1000
offer_daily_combined_requisitions_gems_M4_HD	23.99	summoningToken:6,specialSummoningToken:6,gems:300
offer_daily_combined_requisitions_gems_M4_LD	7.99	summoningToken:2,specialSummoningToken:2,gems:100
offer_daily_combined_requisitions_gems_M4_MD	15.99	summoningToken:4,specialSummoningToken:4,gems:200
offer_daily_combined_requisitions_gems_M4_SHD	39.99	summoningToken:10,specialSummoningToken:10,gems:500
offer_daily_combined_requisitions_gems_XL1_HD	59.99	summoningToken:24,specialSummoningToken:12,gems:600
offer_daily_combined_requisitions_gems_XL1_LD	24.99	summoningToken:10,specialSummoningToken:5,gems:250
offer_daily_combined_requisitions_gems_XL1_MD	44.99	summoningToken:18,specialSummoningToken:9,gems:450
offer_daily_combined_requisitions_gems_XL1_SHD	69.99	summoningToken:28,specialSummoningToken:14,gems:750
offer_daily_faction_upgrade_crate_adeptusmechanicus_adamantine	34.99	UpgradesAdeptusMechanicusRank18C,UpgradesAdeptusMechanicusRank18C,UpgradesAdeptusMechanicusRank18:3,UpgradesAdeptusMechanicusRank18:3,UpgradesAdeptusMechanicusRank18:3,UpgradesAdeptusMechanicusRank18:3
offer_daily_faction_upgrade_crate_adeptusmechanicus_bronze	14.99	upgHpR001:1,upgDmgR034:1,upgArmR034:1,UpgradesAdeptusMechanicusRank6C,UpgradesAdeptusMechanicusRank7C,UpgradesAdeptusMechanicusRank8C,UpgradesAdeptusMechanicusRank6:3,UpgradesAdeptusMechanicusRank6:3,UpgradesAdeptusMechanicusRank7:3,UpgradesAdeptusMechanicusRank7:3,UpgradesAdeptusMechanicusRank8:3,UpgradesAdeptusMechanicusRank8:3
offer_daily_faction_upgrade_crate_adeptusmechanicus_diamond	34.99	upgHpL114:3,UpgradesAdeptusMechanicusRank15C,UpgradesAdeptusMechanicusRank16C,UpgradesAdeptusMechanicusRank17C,UpgradesAdeptusMechanicusRank15:3,UpgradesAdeptusMechanicusRank15:3,UpgradesAdeptusMechanicusRank16:3,UpgradesAdeptusMechanicusRank16:3,UpgradesAdeptusMechanicusRank17:3,UpgradesAdeptusMechanicusRank17:3
offer_daily_faction_upgrade_crate_adeptusmechanicus_gold	29.99	upgHpL114:3,UpgradesAdeptusMechanicusRank12C,UpgradesAdeptusMechanicusRank13C,UpgradesAdeptusMechanicusRank14C,UpgradesAdeptusMechanicusRank12:3,UpgradesAdeptusMechanicusRank12:3,UpgradesAdeptusMechanicusRank13:3,UpgradesAdeptusMechanicusRank13:3,UpgradesAdeptusMechanicusRank14:3,UpgradesAdeptusMechanicusRank14:3
offer_daily_faction_upgrade_crate_adeptusmechanicus_iron	7.99	upgHpU014:1,upgDmgU012:1,upgArmU013:1,UpgradesAdeptusMechanicusRank3C,UpgradesAdeptusMechanicusRank4C,UpgradesAdeptusMechanicusRank5C,UpgradesAdeptusMechanicusRank3:3,UpgradesAdeptusMechanicusRank3:3,UpgradesAdeptusMechanicusRank4:3,UpgradesAdeptusMechanicusRank4:3,UpgradesAdeptusMechanicusRank5:3,UpgradesAdeptusMechanicusRank5:3
offer_daily_faction_upgrade_crate_adeptusmechanicus_silver	19.99	upgHpR001:1,upgDmgR034:1,upgArmR034:1,UpgradesAdeptusMechanicusRank9C,UpgradesAdeptusMechanicusRank10C,UpgradesAdeptusMechanicusRank11C,UpgradesAdeptusMechanicusRank9:3,UpgradesAdeptusMechanicusRank9:3,UpgradesAdeptusMechanicusRank10:3,UpgradesAdeptusMechanicusRank10:3,UpgradesAdeptusMechanicusRank11:3,UpgradesAdeptusMechanicusRank11:3
offer_daily_faction_upgrade_crate_aeldari_adamantine	34.99	UpgradesAeldariRank18C,UpgradesAeldariRank18C,UpgradesAeldariRank18:3,UpgradesAeldariRank18:3,UpgradesAeldariRank18:3,UpgradesAeldariRank18:3
offer_daily_faction_upgrade_crate_aeldari_bronze	14.99	upgHpR028:1,upgDmgR028:1,upgArmR028:1,UpgradesAeldariRank6C,UpgradesAeldariRank7C,UpgradesAeldariRank8C,UpgradesAeldariRank6:3,UpgradesAeldariRank6:3,UpgradesAeldariRank7:3,UpgradesAeldariRank7:3,UpgradesAeldariRank8:3,UpgradesAeldariRank8:3
offer_daily_faction_upgrade_crate_aeldari_diamond	34.99	upgHpL108:3,UpgradesAeldariRank15C,UpgradesAeldariRank16C,UpgradesAeldariRank17C,UpgradesAeldariRank15:3,UpgradesAeldariRank15:3,UpgradesAeldariRank16:3,UpgradesAeldariRank16:3,UpgradesAeldariRank17:3,UpgradesAeldariRank17:3
offer_daily_faction_upgrade_crate_aeldari_gold	29.99	upgHpL108:3,UpgradesAeldariRank12C,UpgradesAeldariRank13C,UpgradesAeldariRank14C,UpgradesAeldariRank12:3,UpgradesAeldariRank12:3,UpgradesAeldariRank13:3,UpgradesAeldariRank13:3,UpgradesAeldariRank14:3,UpgradesAeldariRank14:3
offer_daily_faction_upgrade_crate_aeldari_iron	7.99	upgHpU015:1,upgDmgU012:1,upgArmU014:1,UpgradesAeldariRank3C,UpgradesAeldariRank4C,UpgradesAeldariRank5C,UpgradesAeldariRank3:3,UpgradesAeldariRank3:3,UpgradesAeldariRank4:3,UpgradesAeldariRank4:3,UpgradesAeldariRank5:3,UpgradesAeldariRank5:3
offer_daily_faction_upgrade_crate_aeldari_silver	19.99	upgHpR028:1,upgDmgR028:1,upgArmR028:1,UpgradesAeldariRank9C,UpgradesAeldariRank10C,UpgradesAeldariRank11C,UpgradesAeldariRank9:3,UpgradesAeldariRank9:3,UpgradesAeldariRank10:3,UpgradesAeldariRank10:3,UpgradesAeldariRank11:3,UpgradesAeldariRank11:3
offer_daily_faction_upgrade_crate_astramilitarum	9.99	dropTableUpgradesAstraMilitarumRank3To5C:1,UpgradesAstraMilitarumRank3:3,UpgradesAstraMilitarumRank3:3,UpgradesAstraMilitarumRank3:3,UpgradesAstraMilitarumRank3:3,UpgradesAstraMilitarumRank3:3,UpgradesAstraMilitarumRank4:3,UpgradesAstraMilitarumRank4:3,UpgradesAstraMilitarumRank4:3,UpgradesAstraMilitarumRank5:3,UpgradesAstraMilitarumRank5:3,UpgradesAstraMilitarumRank5:3
offer_daily_faction_upgrade_crate_astramilitarum_adamantine	34.99	UpgradesAstraMilitarumRank18C,UpgradesAstraMilitarumRank18C,UpgradesAstraMilitarumRank18:3,UpgradesAstraMilitarumRank18:3,UpgradesAstraMilitarumRank18:3,UpgradesAstraMilitarumRank18:3
offer_daily_faction_upgrade_crate_astramilitarum_bronze	14.99	upgHpR007:1,upgDmgR025:1,upgArmR025:1,UpgradesAstraMilitarumRank6C,UpgradesAstraMilitarumRank7C,UpgradesAstraMilitarumRank8C,UpgradesAstraMilitarumRank6:3,UpgradesAstraMilitarumRank6:3,UpgradesAstraMilitarumRank7:3,UpgradesAstraMilitarumRank7:3,UpgradesAstraMilitarumRank8:3,UpgradesAstraMilitarumRank8:3
offer_daily_faction_upgrade_crate_astramilitarum_diamond	34.99	upgHpL105:3,UpgradesAstraMilitarumRank15C,UpgradesAstraMilitarumRank16C,UpgradesAstraMilitarumRank17C,UpgradesAstraMilitarumRank15:3,UpgradesAstraMilitarumRank15:3,UpgradesAstraMilitarumRank16:3,UpgradesAstraMilitarumRank16:3,UpgradesAstraMilitarumRank17:3,UpgradesAstraMilitarumRank17:3
offer_daily_faction_upgrade_crate_astramilitarum_gold	29.99	upgHpL105:3,UpgradesAstraMilitarumRank12C,UpgradesAstraMilitarumRank13C,UpgradesAstraMilitarumRank14C,UpgradesAstraMilitarumRank12:3,UpgradesAstraMilitarumRank12:3,UpgradesAstraMilitarumRank13:3,UpgradesAstraMilitarumRank13:3,UpgradesAstraMilitarumRank14:3,UpgradesAstraMilitarumRank14:3
offer_daily_faction_upgrade_crate_astramilitarum_iron	7.99	upgHpU002:1,upgDmgU011:1,upgArmU001:1,UpgradesAstraMilitarumRank3C,UpgradesAstraMilitarumRank4C,UpgradesAstraMilitarumRank5C,UpgradesAstraMilitarumRank3:3,UpgradesAstraMilitarumRank3:3,UpgradesAstraMilitarumRank4:3,UpgradesAstraMilitarumRank4:3,UpgradesAstraMilitarumRank5:3,UpgradesAstraMilitarumRank5:3
offer_daily_faction_upgrade_crate_astramilitarum_silver	19.99	upgHpR007:1,upgDmgR025:1,upgArmR025:1,UpgradesAstraMilitarumRank9C,UpgradesAstraMilitarumRank10C,UpgradesAstraMilitarumRank11C,UpgradesAstraMilitarumRank9:3,UpgradesAstraMilitarumRank9:3,UpgradesAstraMilitarumRank10:3,UpgradesAstraMilitarumRank10:3,UpgradesAstraMilitarumRank11:3,UpgradesAstraMilitarumRank11:3
offer_daily_faction_upgrade_crate_blacklegion	9.99	dropTableUpgradesBlackLegionRank3To5C:1,UpgradesBlackLegionRank3:3,UpgradesBlackLegionRank3:3,UpgradesBlackLegionRank3:3,UpgradesBlackLegionRank3:3,UpgradesBlackLegionRank3:3,UpgradesBlackLegionRank4:3,UpgradesBlackLegionRank4:3,UpgradesBlackLegionRank4:3,UpgradesBlackLegionRank5:3,UpgradesBlackLegionRank5:3,UpgradesBlackLegionRank5:3
offer_daily_faction_upgrade_crate_blacklegion_adamantine	34.99	UpgradesBlackLegionRank18C,UpgradesBlackLegionRank18C,UpgradesBlackLegionRank18:3,UpgradesBlackLegionRank18:3,UpgradesBlackLegionRank18:3,UpgradesBlackLegionRank18:3
offer_daily_faction_upgrade_crate_blacklegion_bronze	14.99	upgHpR023:1,upgDmgR023:1,upgArmR023:1,UpgradesBlackLegionRank6C,UpgradesBlackLegionRank7C,UpgradesBlackLegionRank8C,UpgradesBlackLegionRank6:3,UpgradesBlackLegionRank6:3,UpgradesBlackLegionRank7:3,UpgradesBlackLegionRank7:3,UpgradesBlackLegionRank8:3,UpgradesBlackLegionRank8:3
offer_daily_faction_upgrade_crate_blacklegion_diamond	34.99	upgHpL103:3,UpgradesBlackLegionRank15C,UpgradesBlackLegionRank16C,UpgradesBlackLegionRank17C,UpgradesBlackLegionRank15:3,UpgradesBlackLegionRank15:3,UpgradesBlackLegionRank16:3,UpgradesBlackLegionRank16:3,UpgradesBlackLegionRank17:3,UpgradesBlackLegionRank17:3
offer_daily_faction_upgrade_crate_blacklegion_gold	29.99	upgHpL103:3,UpgradesBlackLegionRank12C,UpgradesBlackLegionRank13C,UpgradesBlackLegionRank14C,UpgradesBlackLegionRank12:3,UpgradesBlackLegionRank12:3,UpgradesBlackLegionRank13:3,UpgradesBlackLegionRank13:3,UpgradesBlackLegionRank14:3,UpgradesBlackLegionRank14:3
offer_daily_faction_upgrade_crate_blacklegion_iron	7.99	upgHpU012:1,upgDmgU012:1,upgArmU007:1,UpgradesBlackLegionRank3C,UpgradesBlackLegionRank4C,UpgradesBlackLegionRank5C,UpgradesBlackLegionRank3:3,UpgradesBlackLegionRank3:3,UpgradesBlackLegionRank4:3,UpgradesBlackLegionRank4:3,UpgradesBlackLegionRank5:3,UpgradesBlackLegionRank5:3
offer_daily_faction_upgrade_crate_blacklegion_silver	19.99	upgHpR023:1,upgDmgR023:1,upgArmR023:1,UpgradesBlackLegionRank9C,UpgradesBlackLegionRank10C,UpgradesBlackLegionRank11C,UpgradesBlackLegionRank9:3,UpgradesBlackLegionRank9:3,UpgradesBlackLegionRank10:3,UpgradesBlackLegionRank10:3,UpgradesBlackLegionRank11:3,UpgradesBlackLegionRank11:3
offer_daily_faction_upgrade_crate_blacktemplars_adamantine	34.99	UpgradesBlackTemplarsRank18C,UpgradesBlackTemplarsRank18C,UpgradesBlackTemplarsRank18:3,UpgradesBlackTemplarsRank18:3,UpgradesBlackTemplarsRank18:3,UpgradesBlackTemplarsRank18:3
offer_daily_faction_upgrade_crate_blacktemplars_bronze	14.99	upgHpR021:1,upgDmgR021:1,upgArmR021:1,UpgradesBlackTemplarsRank6C,UpgradesBlackTemplarsRank7C,UpgradesBlackTemplarsRank8C,UpgradesBlackTemplarsRank6:3,UpgradesBlackTemplarsRank6:3,UpgradesBlackTemplarsRank7:3,UpgradesBlackTemplarsRank7:3,UpgradesBlackTemplarsRank8:3,UpgradesBlackTemplarsRank8:3
offer_daily_faction_upgrade_crate_blacktemplars_diamond	34.99	upgHpL101:3,UpgradesBlackTemplarsRank15C,UpgradesBlackTemplarsRank16C,UpgradesBlackTemplarsRank17C,UpgradesBlackTemplarsRank15:3,UpgradesBlackTemplarsRank15:3,UpgradesBlackTemplarsRank16:3,UpgradesBlackTemplarsRank16:3,UpgradesBlackTemplarsRank17:3,UpgradesBlackTemplarsRank17:3
offer_daily_faction_upgrade_crate_blacktemplars_gold	29.99	upgHpL101:3,UpgradesBlackTemplarsRank12C,UpgradesBlackTemplarsRank13C,UpgradesBlackTemplarsRank14C,UpgradesBlackTemplarsRank12:3,UpgradesBlackTemplarsRank12:3,UpgradesBlackTemplarsRank13:3,UpgradesBlackTemplarsRank13:3,UpgradesBlackTemplarsRank14:3,UpgradesBlackTemplarsRank14:3
offer_daily_faction_upgrade_crate_blacktemplars_iron	7.99	upgHpU002:1,upgDmgR007:1,upgArmU008:1,UpgradesBlackTemplarsRank3C,UpgradesBlackTemplarsRank4C,UpgradesBlackTemplarsRank5C,UpgradesBlackTemplarsRank3:3,UpgradesBlackTemplarsRank3:3,UpgradesBlackTemplarsRank4:3,UpgradesBlackTemplarsRank4:3,UpgradesBlackTemplarsRank5:3,UpgradesBlackTemplarsRank5:3
offer_daily_faction_upgrade_crate_blacktemplars_silver	19.99	upgHpR021:1,upgDmgR021:1,upgArmR021:1,UpgradesBlackTemplarsRank9C,UpgradesBlackTemplarsRank10C,UpgradesBlackTemplarsRank11C,UpgradesBlackTemplarsRank9:3,UpgradesBlackTemplarsRank9:3,UpgradesBlackTemplarsRank10:3,UpgradesBlackTemplarsRank10:3,UpgradesBlackTemplarsRank11:3,UpgradesBlackTemplarsRank11:3
offer_daily_faction_upgrade_crate_bloodangels_adamantine	34.99	UpgradesBloodAngelsRank18C,UpgradesBloodAngelsRank18C,UpgradesBloodAngelsRank18:3,UpgradesBloodAngelsRank18:3,UpgradesBloodAngelsRank18:3,UpgradesBloodAngelsRank18:3
offer_daily_faction_upgrade_crate_bloodangels_bronze	14.99	upgHpR035:1,upgDmgR035:1,upgArmR035:1,UpgradesBloodAngelsRank6C,UpgradesBloodAngelsRank7C,UpgradesBloodAngelsRank8C,UpgradesBloodAngelsRank6:3,UpgradesBloodAngelsRank6:3,UpgradesBloodAngelsRank7:3,UpgradesBloodAngelsRank7:3,UpgradesBloodAngelsRank8:3,UpgradesBloodAngelsRank8:3
offer_daily_faction_upgrade_crate_bloodangels_diamond	34.99	upgHpL115:3,UpgradesBloodAngelsRank15C,UpgradesBloodAngelsRank16C,UpgradesBloodAngelsRank17C,UpgradesBloodAngelsRank15:3,UpgradesBloodAngelsRank15:3,UpgradesBloodAngelsRank16:3,UpgradesBloodAngelsRank16:3,UpgradesBloodAngelsRank17:3,UpgradesBloodAngelsRank17:3
offer_daily_faction_upgrade_crate_bloodangels_gold	29.99	upgHpL115:3,UpgradesBloodAngelsRank12C,UpgradesBloodAngelsRank13C,UpgradesBloodAngelsRank14C,UpgradesBloodAngelsRank12:3,UpgradesBloodAngelsRank12:3,UpgradesBloodAngelsRank13:3,UpgradesBloodAngelsRank13:3,UpgradesBloodAngelsRank14:3,UpgradesBloodAngelsRank14:3
offer_daily_faction_upgrade_crate_bloodangels_iron	7.99	upgHpU014:1,upgDmgU009:1,upgArmU009:1,UpgradesBloodAngelsRank3C,UpgradesBloodAngelsRank4C,UpgradesBloodAngelsRank5C,UpgradesBloodAngelsRank3:3,UpgradesBloodAngelsRank3:3,UpgradesBloodAngelsRank4:3,UpgradesBloodAngelsRank4:3,UpgradesBloodAngelsRank5:3,UpgradesBloodAngelsRank5:3
offer_daily_faction_upgrade_crate_bloodangels_silver	19.99	upgHpR035:1,upgDmgR035:1,upgArmR035:1,UpgradesBloodAngelsRank9C,UpgradesBloodAngelsRank10C,UpgradesBloodAngelsRank11C,UpgradesBloodAngelsRank9:3,UpgradesBloodAngelsRank9:3,UpgradesBloodAngelsRank10:3,UpgradesBloodAngelsRank10:3,UpgradesBloodAngelsRank11:3,UpgradesBloodAngelsRank11:3
offer_daily_faction_upgrade_crate_custodes_adamantine	34.99	UpgradesCustodesRank18C,UpgradesCustodesRank18C,UpgradesCustodesRank18:3,UpgradesCustodesRank18:3,UpgradesCustodesRank18:3,UpgradesCustodesRank18:3
offer_daily_faction_upgrade_crate_custodes_bronze	14.99	upgHpR037:1,upgDmgR037:1,upgArmR037:1,UpgradesCustodesRank6C,UpgradesCustodesRank7C,UpgradesCustodesRank8C,UpgradesCustodesRank6:3,UpgradesCustodesRank6:3,UpgradesCustodesRank7:3,UpgradesCustodesRank7:3,UpgradesCustodesRank8:3,UpgradesCustodesRank8:3
offer_daily_faction_upgrade_crate_custodes_diamond	34.99	upgHpL117:3,UpgradesCustodesRank15C,UpgradesCustodesRank16C,UpgradesCustodesRank17C,UpgradesCustodesRank15:3,UpgradesCustodesRank15:3,UpgradesCustodesRank16:3,UpgradesCustodesRank16:3,UpgradesCustodesRank17:3,UpgradesCustodesRank17:3
offer_daily_faction_upgrade_crate_custodes_gold	29.99	upgHpL117:3,UpgradesCustodesRank12C,UpgradesCustodesRank13C,UpgradesCustodesRank14C,UpgradesCustodesRank12:3,UpgradesCustodesRank12:3,UpgradesCustodesRank13:3,UpgradesCustodesRank13:3,UpgradesCustodesRank14:3,UpgradesCustodesRank14:3
offer_daily_faction_upgrade_crate_custodes_iron	7.99	upgHpU002:1,upgDmgU012:1,upgArmU009:1,UpgradesCustodesRank3C,UpgradesCustodesRank4C,UpgradesCustodesRank5C,UpgradesCustodesRank3:3,UpgradesCustodesRank3:3,UpgradesCustodesRank4:3,UpgradesCustodesRank4:3,UpgradesCustodesRank5:3,UpgradesCustodesRank5:3
offer_daily_faction_upgrade_crate_custodes_silver	19.99	upgHpR037:1,upgDmgR037:1,upgArmR037:1,UpgradesCustodesRank9C,UpgradesCustodesRank10C,UpgradesCustodesRank11C,UpgradesCustodesRank9:3,UpgradesCustodesRank9:3,UpgradesCustodesRank10:3,UpgradesCustodesRank10:3,UpgradesCustodesRank11:3,UpgradesCustodesRank11:3
offer_daily_faction_upgrade_crate_darkangels_adamantine	34.99	UpgradesDarkAngelsRank18C,UpgradesDarkAngelsRank18C,UpgradesDarkAngelsRank18:3,UpgradesDarkAngelsRank18:3,UpgradesDarkAngelsRank18:3,UpgradesDarkAngelsRank18:3
offer_daily_faction_upgrade_crate_darkangels_bronze	14.99	upgHpR032:1,upgDmgR032:1,upgArmR032:1,UpgradesDarkAngelsRank6C,UpgradesDarkAngelsRank7C,UpgradesDarkAngelsRank8C,UpgradesDarkAngelsRank6:3,UpgradesDarkAngelsRank6:3,UpgradesDarkAngelsRank7:3,UpgradesDarkAngelsRank7:3,UpgradesDarkAngelsRank8:3,UpgradesDarkAngelsRank8:3
offer_daily_faction_upgrade_crate_darkangels_diamond	34.99	upgHpL112:3,UpgradesDarkAngelsRank15C,UpgradesDarkAngelsRank16C,UpgradesDarkAngelsRank17C,UpgradesDarkAngelsRank15:3,UpgradesDarkAngelsRank15:3,UpgradesDarkAngelsRank16:3,UpgradesDarkAngelsRank16:3,UpgradesDarkAngelsRank17:3,UpgradesDarkAngelsRank17:3
offer_daily_faction_upgrade_crate_darkangels_gold	29.99	upgHpL112:3,UpgradesDarkAngelsRank12C,UpgradesDarkAngelsRank13C,UpgradesDarkAngelsRank14C,UpgradesDarkAngelsRank12:3,UpgradesDarkAngelsRank12:3,UpgradesDarkAngelsRank13:3,UpgradesDarkAngelsRank13:3,UpgradesDarkAngelsRank14:3,UpgradesDarkAngelsRank14:3
offer_daily_faction_upgrade_crate_darkangels_iron	7.99	upgHpU015:1,upgDmgU004:1,upgArmU009:1,UpgradesDarkAngelsRank3C,UpgradesDarkAngelsRank4C,UpgradesDarkAngelsRank5C,UpgradesDarkAngelsRank3:3,UpgradesDarkAngelsRank3:3,UpgradesDarkAngelsRank4:3,UpgradesDarkAngelsRank4:3,UpgradesDarkAngelsRank5:3,UpgradesDarkAngelsRank5:3
offer_daily_faction_upgrade_crate_darkangels_silver	19.99	upgHpR032:1,upgDmgR032:1,upgArmR032:1,UpgradesDarkAngelsRank9C,UpgradesDarkAngelsRank10C,UpgradesDarkAngelsRank11C,UpgradesDarkAngelsRank9:3,UpgradesDarkAngelsRank9:3,UpgradesDarkAngelsRank10:3,UpgradesDarkAngelsRank10:3,UpgradesDarkAngelsRank11:3,UpgradesDarkAngelsRank11:3
offer_daily_faction_upgrade_crate_deathguard	9.99	dropTableUpgradesDeathGuardRank3To5C:1,UpgradesDeathGuardRank3:3,UpgradesDeathGuardRank3:3,UpgradesDeathGuardRank3:3,UpgradesDeathGuardRank3:3,UpgradesDeathGuardRank3:3,UpgradesDeathGuardRank4:3,UpgradesDeathGuardRank4:3,UpgradesDeathGuardRank4:3,UpgradesDeathGuardRank5:3,UpgradesDeathGuardRank5:3,UpgradesDeathGuardRank5:3
offer_daily_faction_upgrade_crate_deathguard_adamantine	34.99	UpgradesDeathGuardRank18C,UpgradesDeathGuardRank18C,UpgradesDeathGuardRank18:3,UpgradesDeathGuardRank18:3,UpgradesDeathGuardRank18:3,UpgradesDeathGuardRank18:3
offer_daily_faction_upgrade_crate_deathguard_bronze	14.99	upgHpR024:1,upgDmgR024:1,upgArmR009:1,UpgradesDeathGuardRank6C,UpgradesDeathGuardRank7C,UpgradesDeathGuardRank8C,UpgradesDeathGuardRank6:3,UpgradesDeathGuardRank6:3,UpgradesDeathGuardRank7:3,UpgradesDeathGuardRank7:3,UpgradesDeathGuardRank8:3,UpgradesDeathGuardRank8:3
offer_daily_faction_upgrade_crate_deathguard_diamond	34.99	upgHpL104:3,UpgradesDeathGuardRank15C,UpgradesDeathGuardRank16C,UpgradesDeathGuardRank17C,UpgradesDeathGuardRank15:3,UpgradesDeathGuardRank15:3,UpgradesDeathGuardRank16:3,UpgradesDeathGuardRank16:3,UpgradesDeathGuardRank17:3,UpgradesDeathGuardRank17:3
offer_daily_faction_upgrade_crate_deathguard_gold	29.99	upgHpL104:3,UpgradesDeathGuardRank12C,UpgradesDeathGuardRank13C,UpgradesDeathGuardRank14C,UpgradesDeathGuardRank12:3,UpgradesDeathGuardRank12:3,UpgradesDeathGuardRank13:3,UpgradesDeathGuardRank13:3,UpgradesDeathGuardRank14:3,UpgradesDeathGuardRank14:3
offer_daily_faction_upgrade_crate_deathguard_iron	7.99	upgHpU009:1,upgDmgU010:1,upgArmU007:1,UpgradesDeathGuardRank3C,UpgradesDeathGuardRank4C,UpgradesDeathGuardRank5C,UpgradesDeathGuardRank3:3,UpgradesDeathGuardRank3:3,UpgradesDeathGuardRank4:3,UpgradesDeathGuardRank4:3,UpgradesDeathGuardRank5:3,UpgradesDeathGuardRank5:3
offer_daily_faction_upgrade_crate_deathguard_silver	19.99	upgHpR024:1,upgDmgR024:1,upgArmR009:1,UpgradesDeathGuardRank9C,UpgradesDeathGuardRank10C,UpgradesDeathGuardRank11C,UpgradesDeathGuardRank9:3,UpgradesDeathGuardRank9:3,UpgradesDeathGuardRank10:3,UpgradesDeathGuardRank10:3,UpgradesDeathGuardRank11:3,UpgradesDeathGuardRank11:3
offer_daily_faction_upgrade_crate_emperorschildren_adamantine	34.99	UpgradesEmperorsChildrenRank18C,UpgradesEmperorsChildrenRank18C,UpgradesEmperorsChildrenRank18:3,UpgradesEmperorsChildrenRank18:3,UpgradesEmperorsChildrenRank18:3,UpgradesEmperorsChildrenRank18:3
offer_daily_faction_upgrade_crate_emperorschildren_bronze	14.99	upgHpR039:1,upgDmgR039:1,upgArmR039:1,UpgradesEmperorsChildrenRank6C,UpgradesEmperorsChildrenRank7C,UpgradesEmperorsChildrenRank8C,UpgradesEmperorsChildrenRank6:3,UpgradesEmperorsChildrenRank6:3,UpgradesEmperorsChildrenRank7:3,UpgradesEmperorsChildrenRank7:3,UpgradesEmperorsChildrenRank8:3,UpgradesEmperorsChildrenRank8:3
offer_daily_faction_upgrade_crate_emperorschildren_diamond	34.99	upgHpL119:3,UpgradesEmperorsChildrenRank15C,UpgradesEmperorsChildrenRank16C,UpgradesEmperorsChildrenRank17C,UpgradesEmperorsChildrenRank15:3,UpgradesEmperorsChildrenRank15:3,UpgradesEmperorsChildrenRank16:3,UpgradesEmperorsChildrenRank16:3,UpgradesEmperorsChildrenRank17:3,UpgradesEmperorsChildrenRank17:3
offer_daily_faction_upgrade_crate_emperorschildren_gold	29.99	upgHpL119:3,UpgradesEmperorsChildrenRank12C,UpgradesEmperorsChildrenRank13C,UpgradesEmperorsChildrenRank14C,UpgradesEmperorsChildrenRank12:3,UpgradesEmperorsChildrenRank12:3,UpgradesEmperorsChildrenRank13:3,UpgradesEmperorsChildrenRank13:3,UpgradesEmperorsChildrenRank14:3,UpgradesEmperorsChildrenRank14:3
offer_daily_faction_upgrade_crate_emperorschildren_iron	7.99	upgHpU012:1,upgDmgU012:1,upgArmU007:1,UpgradesEmperorsChildrenRank3C,UpgradesEmperorsChildrenRank4C,UpgradesEmperorsChildrenRank5C,UpgradesEmperorsChildrenRank3:3,UpgradesEmperorsChildrenRank3:3,UpgradesEmperorsChildrenRank4:3,UpgradesEmperorsChildrenRank4:3,UpgradesEmperorsChildrenRank5:3,UpgradesEmperorsChildrenRank5:3
offer_daily_faction_upgrade_crate_emperorschildren_silver	19.99	upgHpR039:1,upgDmgR039:1,upgArmR039:1,UpgradesEmperorsChildrenRank9C,UpgradesEmperorsChildrenRank10C,UpgradesEmperorsChildrenRank11C,UpgradesEmperorsChildrenRank9:3,UpgradesEmperorsChildrenRank9:3,UpgradesEmperorsChildrenRank10:3,UpgradesEmperorsChildrenRank10:3,UpgradesEmperorsChildrenRank11:3,UpgradesEmperorsChildrenRank11:3
offer_daily_faction_upgrade_crate_genestealers_adamantine	34.99	UpgradesGenestealersRank18C,UpgradesGenestealersRank18C,UpgradesGenestealersRank18:3,UpgradesGenestealersRank18:3,UpgradesGenestealersRank18:3,UpgradesGenestealersRank18:3
offer_daily_faction_upgrade_crate_genestealers_bronze	14.99	upgHpR036:1,upgDmgR036:1,upgArmR036:1,UpgradesGenestealersRank6C,UpgradesGenestealersRank7C,UpgradesGenestealersRank8C,UpgradesGenestealersRank6:3,UpgradesGenestealersRank6:3,UpgradesGenestealersRank7:3,UpgradesGenestealersRank7:3,UpgradesGenestealersRank8:3,UpgradesGenestealersRank8:3
offer_daily_faction_upgrade_crate_genestealers_diamond	34.99	upgHpL116:3,UpgradesGenestealersRank15C,UpgradesGenestealersRank16C,UpgradesGenestealersRank17C,UpgradesGenestealersRank15:3,UpgradesGenestealersRank15:3,UpgradesGenestealersRank16:3,UpgradesGenestealersRank16:3,UpgradesGenestealersRank17:3,UpgradesGenestealersRank17:3
offer_daily_faction_upgrade_crate_genestealers_gold	29.99	upgHpL116:3,UpgradesGenestealersRank12C,UpgradesGenestealersRank13C,UpgradesGenestealersRank14C,UpgradesGenestealersRank12:3,UpgradesGenestealersRank12:3,UpgradesGenestealersRank13:3,UpgradesGenestealersRank13:3,UpgradesGenestealersRank14:3,UpgradesGenestealersRank14:3
offer_daily_faction_upgrade_crate_genestealers_iron	7.99	upgHpU014:1,upgDmgU009:1,upgArmU009:1,UpgradesGenestealersRank3C,UpgradesGenestealersRank4C,UpgradesGenestealersRank5C,UpgradesGenestealersRank3:3,UpgradesGenestealersRank3:3,UpgradesGenestealersRank4:3,UpgradesGenestealersRank4:3,UpgradesGenestealersRank5:3,UpgradesGenestealersRank5:3
offer_daily_faction_upgrade_crate_genestealers_silver	19.99	upgHpR036:1,upgDmgR036:1,upgArmR036:1,UpgradesGenestealersRank9C,UpgradesGenestealersRank10C,UpgradesGenestealersRank11C,UpgradesGenestealersRank9:3,UpgradesGenestealersRank9:3,UpgradesGenestealersRank10:3,UpgradesGenestealersRank10:3,UpgradesGenestealersRank11:3,UpgradesGenestealersRank11:3
offer_daily_faction_upgrade_crate_leaguesofvotann_adamantine	34.99	UpgradesLeaguesOfVotannRank18C,UpgradesLeaguesOfVotannRank18C,UpgradesLeaguesOfVotannRank18:3,UpgradesLeaguesOfVotannRank18:3,UpgradesLeaguesOfVotannRank18:3,UpgradesLeaguesOfVotannRank18:3
offer_daily_faction_upgrade_crate_leaguesofvotann_bronze	14.99	upgHpR040:1,upgDmgR040:1,upgArmR040:1,UpgradesLeaguesOfVotannRank6C,UpgradesLeaguesOfVotannRank7C,UpgradesLeaguesOfVotannRank8C,UpgradesLeaguesOfVotannRank6:3,UpgradesLeaguesOfVotannRank6:3,UpgradesLeaguesOfVotannRank7:3,UpgradesLeaguesOfVotannRank7:3,UpgradesLeaguesOfVotannRank8:3,UpgradesLeaguesOfVotannRank8:3
offer_daily_faction_upgrade_crate_leaguesofvotann_diamond	34.99	upgHpL099:3,UpgradesLeaguesOfVotannRank15C,UpgradesLeaguesOfVotannRank16C,UpgradesLeaguesOfVotannRank17C,UpgradesLeaguesOfVotannRank15:3,UpgradesLeaguesOfVotannRank15:3,UpgradesLeaguesOfVotannRank16:3,UpgradesLeaguesOfVotannRank16:3,UpgradesLeaguesOfVotannRank17:3,UpgradesLeaguesOfVotannRank17:3
offer_daily_faction_upgrade_crate_leaguesofvotann_gold	29.99	upgHpL099:3,UpgradesLeaguesOfVotannRank12C,UpgradesLeaguesOfVotannRank13C,UpgradesLeaguesOfVotannRank14C,UpgradesLeaguesOfVotannRank12:3,UpgradesLeaguesOfVotannRank12:3,UpgradesLeaguesOfVotannRank13:3,UpgradesLeaguesOfVotannRank13:3,UpgradesLeaguesOfVotannRank14:3,UpgradesLeaguesOfVotannRank14:3
offer_daily_faction_upgrade_crate_leaguesofvotann_iron	7.99	upgHpU016:1,upgDmgU014:1,upgArmU006:1,UpgradesLeaguesOfVotannRank3C,UpgradesLeaguesOfVotannRank4C,UpgradesLeaguesOfVotannRank5C,UpgradesLeaguesOfVotannRank3:3,UpgradesLeaguesOfVotannRank3:3,UpgradesLeaguesOfVotannRank4:3,UpgradesLeaguesOfVotannRank4:3,UpgradesLeaguesOfVotannRank5:3,UpgradesLeaguesOfVotannRank5:3
offer_daily_faction_upgrade_crate_leaguesofvotann_silver	19.99	upgHpR040:1,upgDmgR040:1,upgArmR040:1,UpgradesLeaguesOfVotannRank9C,UpgradesLeaguesOfVotannRank10C,UpgradesLeaguesOfVotannRank11C,UpgradesLeaguesOfVotannRank9:3,UpgradesLeaguesOfVotannRank9:3,UpgradesLeaguesOfVotannRank10:3,UpgradesLeaguesOfVotannRank10:3,UpgradesLeaguesOfVotannRank11:3,UpgradesLeaguesOfVotannRank11:3
offer_daily_faction_upgrade_crate_necrons	9.99	dropTableUpgradesNecronsRank3To5C:1,UpgradesNecronsRank3:3,UpgradesNecronsRank3:3,UpgradesNecronsRank3:3,UpgradesNecronsRank3:3,UpgradesNecronsRank3:3,UpgradesNecronsRank4:3,UpgradesNecronsRank4:3,UpgradesNecronsRank4:3,UpgradesNecronsRank5:3,UpgradesNecronsRank5:3,UpgradesNecronsRank5:3
offer_daily_faction_upgrade_crate_necrons_adamantine	34.99	UpgradesNecronsRank18C,UpgradesNecronsRank18C,UpgradesNecronsRank18:3,UpgradesNecronsRank18:3,UpgradesNecronsRank18:3,UpgradesNecronsRank18:3
offer_daily_faction_upgrade_crate_necrons_bronze	14.99	upgHpR011:1,upgDmgR009:1,upgArmE008:1,UpgradesNecronsRank6C,UpgradesNecronsRank7C,UpgradesNecronsRank8C,UpgradesNecronsRank6:3,UpgradesNecronsRank6:3,UpgradesNecronsRank7:3,UpgradesNecronsRank7:3,UpgradesNecronsRank8:3,UpgradesNecronsRank8:3
offer_daily_faction_upgrade_crate_necrons_diamond	34.99	upgHpL010:3,UpgradesNecronsRank15C,UpgradesNecronsRank16C,UpgradesNecronsRank17C,UpgradesNecronsRank15:3,UpgradesNecronsRank15:3,UpgradesNecronsRank16:3,UpgradesNecronsRank16:3,UpgradesNecronsRank17:3,UpgradesNecronsRank17:3
offer_daily_faction_upgrade_crate_necrons_gold	29.99	upgHpL010:3,UpgradesNecronsRank12C,UpgradesNecronsRank13C,UpgradesNecronsRank14C,UpgradesNecronsRank12:3,UpgradesNecronsRank12:3,UpgradesNecronsRank13:3,UpgradesNecronsRank13:3,UpgradesNecronsRank14:3,UpgradesNecronsRank14:3
offer_daily_faction_upgrade_crate_necrons_iron	7.99	upgHpU007:1,upgDmgU010:1,upgArmU012:1,UpgradesNecronsRank3C,UpgradesNecronsRank4C,UpgradesNecronsRank5C,UpgradesNecronsRank3:3,UpgradesNecronsRank3:3,UpgradesNecronsRank4:3,UpgradesNecronsRank4:3,UpgradesNecronsRank5:3,UpgradesNecronsRank5:3
offer_daily_faction_upgrade_crate_necrons_silver	19.99	upgHpR011:1,upgDmgR009:1,upgArmE008:1,UpgradesNecronsRank9C,UpgradesNecronsRank10C,UpgradesNecronsRank11C,UpgradesNecronsRank9:3,UpgradesNecronsRank9:3,UpgradesNecronsRank10:3,UpgradesNecronsRank10:3,UpgradesNecronsRank11:3,UpgradesNecronsRank11:3
offer_daily_faction_upgrade_crate_orks_adamantine	34.99	UpgradesOrksRank18C,UpgradesOrksRank18C,UpgradesOrksRank18:3,UpgradesOrksRank18:3,UpgradesOrksRank18:3,UpgradesOrksRank18:3
offer_daily_faction_upgrade_crate_orks_bronze	14.99	upgHpR010:1,upgDmgR026:1,upgArmR026:1,UpgradesOrksRank6C,UpgradesOrksRank7C,UpgradesOrksRank8C,UpgradesOrksRank6:3,UpgradesOrksRank6:3,UpgradesOrksRank7:3,UpgradesOrksRank7:3,UpgradesOrksRank8:3,UpgradesOrksRank8:3
offer_daily_faction_upgrade_crate_orks_diamond	34.99	upgHpL106:3,UpgradesOrksRank15C,UpgradesOrksRank16C,UpgradesOrksRank17C,UpgradesOrksRank15:3,UpgradesOrksRank15:3,UpgradesOrksRank16:3,UpgradesOrksRank16:3,UpgradesOrksRank17:3,UpgradesOrksRank17:3
offer_daily_faction_upgrade_crate_orks_gold	29.99	upgHpL106:3,UpgradesOrksRank12C,UpgradesOrksRank13C,UpgradesOrksRank14C,UpgradesOrksRank12:3,UpgradesOrksRank12:3,UpgradesOrksRank13:3,UpgradesOrksRank13:3,UpgradesOrksRank14:3,UpgradesOrksRank14:3
offer_daily_faction_upgrade_crate_orks_iron	7.99	upgHpU014:1,upgDmgU009:1,upgArmU002:1,UpgradesOrksRank3C,UpgradesOrksRank4C,UpgradesOrksRank5C,UpgradesOrksRank3:3,UpgradesOrksRank3:3,UpgradesOrksRank4:3,UpgradesOrksRank4:3,UpgradesOrksRank5:3,UpgradesOrksRank5:3
offer_daily_faction_upgrade_crate_orks_silver	19.99	upgHpR010:1,upgDmgR026:1,upgArmR026:1,UpgradesOrksRank9C,UpgradesOrksRank10C,UpgradesOrksRank11C,UpgradesOrksRank9:3,UpgradesOrksRank9:3,UpgradesOrksRank10:3,UpgradesOrksRank10:3,UpgradesOrksRank11:3,UpgradesOrksRank11:3
offer_daily_faction_upgrade_crate_sisterhood	9.99	dropTableUpgradesSisterhoodRank3To5C:1,UpgradesSisterhoodRank3:3,UpgradesSisterhoodRank3:3,UpgradesSisterhoodRank3:3,UpgradesSisterhoodRank3:3,UpgradesSisterhoodRank3:3,UpgradesSisterhoodRank4:3,UpgradesSisterhoodRank4:3,UpgradesSisterhoodRank4:3,UpgradesSisterhoodRank5:3,UpgradesSisterhoodRank5:3,UpgradesSisterhoodRank5:3
offer_daily_faction_upgrade_crate_sisterhood_adamantine	34.99	UpgradesSisterhoodRank18C,UpgradesSisterhoodRank18C,UpgradesSisterhoodRank18:3,UpgradesSisterhoodRank18:3,UpgradesSisterhoodRank18:3,UpgradesSisterhoodRank18:3
offer_daily_faction_upgrade_crate_sisterhood_bronze	14.99	upgHpR022:1,upgDmgR022:1,upgArmR022:1,UpgradesSisterhoodRank6C,UpgradesSisterhoodRank7C,UpgradesSisterhoodRank8C,UpgradesSisterhoodRank6:3,UpgradesSisterhoodRank6:3,UpgradesSisterhoodRank7:3,UpgradesSisterhoodRank7:3,UpgradesSisterhoodRank8:3,UpgradesSisterhoodRank8:3
offer_daily_faction_upgrade_crate_sisterhood_diamond	34.99	upgHpL102:3,UpgradesSisterhoodRank15C,UpgradesSisterhoodRank16C,UpgradesSisterhoodRank17C,UpgradesSisterhoodRank15:3,UpgradesSisterhoodRank15:3,UpgradesSisterhoodRank16:3,UpgradesSisterhoodRank16:3,UpgradesSisterhoodRank17:3,UpgradesSisterhoodRank17:3
offer_daily_faction_upgrade_crate_sisterhood_gold	29.99	upgHpL102:3,UpgradesSisterhoodRank12C,UpgradesSisterhoodRank13C,UpgradesSisterhoodRank14C,UpgradesSisterhoodRank12:3,UpgradesSisterhoodRank12:3,UpgradesSisterhoodRank13:3,UpgradesSisterhoodRank13:3,UpgradesSisterhoodRank14:3,UpgradesSisterhoodRank14:3
offer_daily_faction_upgrade_crate_sisterhood_iron	7.99	upgHpU002:1,upgDmgU004:1,upgArmU005:1,UpgradesSisterhoodRank3C,UpgradesSisterhoodRank4C,UpgradesSisterhoodRank5C,UpgradesSisterhoodRank3:3,UpgradesSisterhoodRank3:3,UpgradesSisterhoodRank4:3,UpgradesSisterhoodRank4:3,UpgradesSisterhoodRank5:3,UpgradesSisterhoodRank5:3
offer_daily_faction_upgrade_crate_sisterhood_silver	19.99	upgHpR022:1,upgDmgR022:1,upgArmR022:1,UpgradesSisterhoodRank9C,UpgradesSisterhoodRank10C,UpgradesSisterhoodRank11C,UpgradesSisterhoodRank9:3,UpgradesSisterhoodRank9:3,UpgradesSisterhoodRank10:3,UpgradesSisterhoodRank10:3,UpgradesSisterhoodRank11:3,UpgradesSisterhoodRank11:3
offer_daily_faction_upgrade_crate_spacewolves_adamantine	34.99	UpgradesSpaceWolvesRank18C,UpgradesSpaceWolvesRank18C,UpgradesSpaceWolvesRank18:3,UpgradesSpaceWolvesRank18:3,UpgradesSpaceWolvesRank18:3,UpgradesSpaceWolvesRank18:3
offer_daily_faction_upgrade_crate_spacewolves_bronze	14.99	upgHpR031:1,upgDmgR031:1,upgArmR031:1,UpgradesSpaceWolvesRank6C,UpgradesSpaceWolvesRank7C,UpgradesSpaceWolvesRank8C,UpgradesSpaceWolvesRank6:3,UpgradesSpaceWolvesRank6:3,UpgradesSpaceWolvesRank7:3,UpgradesSpaceWolvesRank7:3,UpgradesSpaceWolvesRank8:3,UpgradesSpaceWolvesRank8:3
offer_daily_faction_upgrade_crate_spacewolves_diamond	34.99	upgHpL111:3,UpgradesSpaceWolvesRank15C,UpgradesSpaceWolvesRank16C,UpgradesSpaceWolvesRank17C,UpgradesSpaceWolvesRank15:3,UpgradesSpaceWolvesRank15:3,UpgradesSpaceWolvesRank16:3,UpgradesSpaceWolvesRank16:3,UpgradesSpaceWolvesRank17:3,UpgradesSpaceWolvesRank17:3
offer_daily_faction_upgrade_crate_spacewolves_gold	29.99	upgHpL111:3,UpgradesSpaceWolvesRank12C,UpgradesSpaceWolvesRank13C,UpgradesSpaceWolvesRank14C,UpgradesSpaceWolvesRank12:3,UpgradesSpaceWolvesRank12:3,UpgradesSpaceWolvesRank13:3,UpgradesSpaceWolvesRank13:3,UpgradesSpaceWolvesRank14:3,UpgradesSpaceWolvesRank14:3
offer_daily_faction_upgrade_crate_spacewolves_iron	7.99	upgHpU015:1,upgDmgU014:1,upgArmU009:1,UpgradesSpaceWolvesRank3C,UpgradesSpaceWolvesRank4C,UpgradesSpaceWolvesRank5C,UpgradesSpaceWolvesRank3:3,UpgradesSpaceWolvesRank3:3,UpgradesSpaceWolvesRank4:3,UpgradesSpaceWolvesRank4:3,UpgradesSpaceWolvesRank5:3,UpgradesSpaceWolvesRank5:3
offer_daily_faction_upgrade_crate_spacewolves_silver	19.99	upgHpR031:1,upgDmgR031:1,upgArmR031:1,UpgradesSpaceWolvesRank9C,UpgradesSpaceWolvesRank10C,UpgradesSpaceWolvesRank11C,UpgradesSpaceWolvesRank9:3,UpgradesSpaceWolvesRank9:3,UpgradesSpaceWolvesRank10:3,UpgradesSpaceWolvesRank10:3,UpgradesSpaceWolvesRank11:3,UpgradesSpaceWolvesRank11:3
offer_daily_faction_upgrade_crate_tau_adamantine	34.99	UpgradesTauRank18C,UpgradesTauRank18C,UpgradesTauRank18:3,UpgradesTauRank18:3,UpgradesTauRank18:3,UpgradesTauRank18:3
offer_daily_faction_upgrade_crate_tau_bronze	14.99	upgHpR027:1,upgDmgR027:1,upgArmR027:1,UpgradesTauRank6C,UpgradesTauRank7C,UpgradesTauRank8C,UpgradesTauRank6:3,UpgradesTauRank6:3,UpgradesTauRank7:3,UpgradesTauRank7:3,UpgradesTauRank8:3,UpgradesTauRank8:3
offer_daily_faction_upgrade_crate_tau_diamond	34.99	upgHpL107:3,UpgradesTauRank15C,UpgradesTauRank16C,UpgradesTauRank17C,UpgradesTauRank15:3,UpgradesTauRank15:3,UpgradesTauRank16:3,UpgradesTauRank16:3,UpgradesTauRank17:3,UpgradesTauRank17:3
offer_daily_faction_upgrade_crate_tau_gold	29.99	upgHpL107:3,UpgradesTauRank12C,UpgradesTauRank13C,UpgradesTauRank14C,UpgradesTauRank12:3,UpgradesTauRank12:3,UpgradesTauRank13:3,UpgradesTauRank13:3,UpgradesTauRank14:3,UpgradesTauRank14:3
offer_daily_faction_upgrade_crate_tau_iron	7.99	upgHpU017:1,upgDmgU004:1,upgArmU014:1,UpgradesTauRank3C,UpgradesTauRank4C,UpgradesTauRank5C,UpgradesTauRank3:3,UpgradesTauRank3:3,UpgradesTauRank4:3,UpgradesTauRank4:3,UpgradesTauRank5:3,UpgradesTauRank5:3
offer_daily_faction_upgrade_crate_tau_silver	19.99	upgHpR027:1,upgDmgR027:1,upgArmR027:1,UpgradesTauRank9C,UpgradesTauRank10C,UpgradesTauRank11C,UpgradesTauRank9:3,UpgradesTauRank9:3,UpgradesTauRank10:3,UpgradesTauRank10:3,UpgradesTauRank11:3,UpgradesTauRank11:3
offer_daily_faction_upgrade_crate_thousandsons_adamantine	34.99	UpgradesThousandSonsRank18C,UpgradesThousandSonsRank18C,UpgradesThousandSonsRank18:3,UpgradesThousandSonsRank18:3,UpgradesThousandSonsRank18:3,UpgradesThousandSonsRank18:3
offer_daily_faction_upgrade_crate_thousandsons_bronze	14.99	upgHpR029:1,upgDmgR029:1,upgArmR029:1,UpgradesThousandSonsRank6C,UpgradesThousandSonsRank7C,UpgradesThousandSonsRank8C,UpgradesThousandSonsRank6:3,UpgradesThousandSonsRank6:3,UpgradesThousandSonsRank7:3,UpgradesThousandSonsRank7:3,UpgradesThousandSonsRank8:3,UpgradesThousandSonsRank8:3
offer_daily_faction_upgrade_crate_thousandsons_diamond	34.99	upgHpL109:3,UpgradesThousandSonsRank15C,UpgradesThousandSonsRank16C,UpgradesThousandSonsRank17C,UpgradesThousandSonsRank15:3,UpgradesThousandSonsRank15:3,UpgradesThousandSonsRank16:3,UpgradesThousandSonsRank16:3,UpgradesThousandSonsRank17:3,UpgradesThousandSonsRank17:3
offer_daily_faction_upgrade_crate_thousandsons_gold	29.99	upgHpL109:3,UpgradesThousandSonsRank12C,UpgradesThousandSonsRank13C,UpgradesThousandSonsRank14C,UpgradesThousandSonsRank12:3,UpgradesThousandSonsRank12:3,UpgradesThousandSonsRank13:3,UpgradesThousandSonsRank13:3,UpgradesThousandSonsRank14:3,UpgradesThousandSonsRank14:3
offer_daily_faction_upgrade_crate_thousandsons_iron	7.99	upgHpU015:1,upgDmgU011:1,upgArmU013:1,UpgradesThousandSonsRank3C,UpgradesThousandSonsRank4C,UpgradesThousandSonsRank5C,UpgradesThousandSonsRank3:3,UpgradesThousandSonsRank3:3,UpgradesThousandSonsRank4:3,UpgradesThousandSonsRank4:3,UpgradesThousandSonsRank5:3,UpgradesThousandSonsRank5:3
offer_daily_faction_upgrade_crate_thousandsons_silver	19.99	upgHpR029:1,upgDmgR029:1,upgArmR029:1,UpgradesThousandSonsRank9C,UpgradesThousandSonsRank10C,UpgradesThousandSonsRank11C,UpgradesThousandSonsRank9:3,UpgradesThousandSonsRank9:3,UpgradesThousandSonsRank10:3,UpgradesThousandSonsRank10:3,UpgradesThousandSonsRank11:3,UpgradesThousandSonsRank11:3
offer_daily_faction_upgrade_crate_tyranids_adamantine	34.99	UpgradesTyranidsRank18C,UpgradesTyranidsRank18C,UpgradesTyranidsRank18:3,UpgradesTyranidsRank18:3,UpgradesTyranidsRank18:3,UpgradesTyranidsRank18:3
offer_daily_faction_upgrade_crate_tyranids_bronze	14.99	upgHpR033:1,upgDmgR033:1,upgArmR033:1,UpgradesTyranidsRank6C,UpgradesTyranidsRank7C,UpgradesTyranidsRank8C,UpgradesTyranidsRank6:3,UpgradesTyranidsRank6:3,UpgradesTyranidsRank7:3,UpgradesTyranidsRank7:3,UpgradesTyranidsRank8:3,UpgradesTyranidsRank8:3
offer_daily_faction_upgrade_crate_tyranids_diamond	34.99	upgHpL113:3,UpgradesTyranidsRank15C,UpgradesTyranidsRank16C,UpgradesTyranidsRank17C,UpgradesTyranidsRank15:3,UpgradesTyranidsRank15:3,UpgradesTyranidsRank16:3,UpgradesTyranidsRank16:3,UpgradesTyranidsRank17:3,UpgradesTyranidsRank17:3
offer_daily_faction_upgrade_crate_tyranids_gold	29.99	upgHpL113:3,UpgradesTyranidsRank12C,UpgradesTyranidsRank13C,UpgradesTyranidsRank14C,UpgradesTyranidsRank12:3,UpgradesTyranidsRank12:3,UpgradesTyranidsRank13:3,UpgradesTyranidsRank13:3,UpgradesTyranidsRank14:3,UpgradesTyranidsRank14:3
offer_daily_faction_upgrade_crate_tyranids_iron	7.99	upgHpU017:1,upgDmgU014:1,upgArmU007:1,UpgradesTyranidsRank3C,UpgradesTyranidsRank4C,UpgradesTyranidsRank5C,UpgradesTyranidsRank3:3,UpgradesTyranidsRank3:3,UpgradesTyranidsRank4:3,UpgradesTyranidsRank4:3,UpgradesTyranidsRank5:3,UpgradesTyranidsRank5:3
offer_daily_faction_upgrade_crate_tyranids_silver	19.99	upgHpR033:1,upgDmgR033:1,upgArmR033:1,UpgradesTyranidsRank9C,UpgradesTyranidsRank10C,UpgradesTyranidsRank11C,UpgradesTyranidsRank9:3,UpgradesTyranidsRank9:3,UpgradesTyranidsRank10:3,UpgradesTyranidsRank10:3,UpgradesTyranidsRank11:3,UpgradesTyranidsRank11:3
offer_daily_faction_upgrade_crate_ultramarines	9.99	dropTableUpgradesUltramarinesRank3To5C:1,UpgradesUltramarinesRank3:3,UpgradesUltramarinesRank3:3,UpgradesUltramarinesRank3:3,UpgradesUltramarinesRank3:3,UpgradesUltramarinesRank3:3,UpgradesUltramarinesRank4:3,UpgradesUltramarinesRank4:3,UpgradesUltramarinesRank4:3,UpgradesUltramarinesRank5:3,UpgradesUltramarinesRank5:3,UpgradesUltramarinesRank5:3
offer_daily_faction_upgrade_crate_ultramarines_adamantine	34.99	UpgradesUltramarinesRank18C,UpgradesUltramarinesRank18C,UpgradesUltramarinesRank18:3,UpgradesUltramarinesRank18:3,UpgradesUltramarinesRank18:3,UpgradesUltramarinesRank18:3
offer_daily_faction_upgrade_crate_ultramarines_bronze	14.99	upgHpE003:1,upgDmgR007:1,upgArmU008:1,UpgradesUltramarinesRank6C,UpgradesUltramarinesRank7C,UpgradesUltramarinesRank8C,UpgradesUltramarinesRank6:3,UpgradesUltramarinesRank6:3,UpgradesUltramarinesRank7:3,UpgradesUltramarinesRank7:3,UpgradesUltramarinesRank8:3,UpgradesUltramarinesRank8:3
offer_daily_faction_upgrade_crate_ultramarines_diamond	34.99	upgHpL100:3,UpgradesUltramarinesRank15C,UpgradesUltramarinesRank16C,UpgradesUltramarinesRank17C,UpgradesUltramarinesRank15:3,UpgradesUltramarinesRank15:3,UpgradesUltramarinesRank16:3,UpgradesUltramarinesRank16:3,UpgradesUltramarinesRank17:3,UpgradesUltramarinesRank17:3
offer_daily_faction_upgrade_crate_ultramarines_gold	29.99	upgHpL100:3,UpgradesUltramarinesRank12C,UpgradesUltramarinesRank13C,UpgradesUltramarinesRank14C,UpgradesUltramarinesRank12:3,UpgradesUltramarinesRank12:3,UpgradesUltramarinesRank13:3,UpgradesUltramarinesRank13:3,UpgradesUltramarinesRank14:3,UpgradesUltramarinesRank14:3
offer_daily_faction_upgrade_crate_ultramarines_iron	7.99	upgHpU002:1,upgArmU005:1,upgDmgR002:1,UpgradesUltramarinesRank3C,UpgradesUltramarinesRank4C,UpgradesUltramarinesRank5C,UpgradesUltramarinesRank3:3,UpgradesUltramarinesRank3:3,UpgradesUltramarinesRank4:3,UpgradesUltramarinesRank4:3,UpgradesUltramarinesRank5:3,UpgradesUltramarinesRank5:3
offer_daily_faction_upgrade_crate_ultramarines_silver	19.99	upgHpE003:1,upgArmL001:1,upgDmgR005:1,UpgradesUltramarinesRank9C,UpgradesUltramarinesRank10C,UpgradesUltramarinesRank11C,UpgradesUltramarinesRank9:3,UpgradesUltramarinesRank9:3,UpgradesUltramarinesRank10:3,UpgradesUltramarinesRank10:3,UpgradesUltramarinesRank11:3,UpgradesUltramarinesRank11:3
offer_daily_faction_upgrade_crate_worldeaters_adamantine	34.99	UpgradesWorldEatersRank18C,UpgradesWorldEatersRank18C,UpgradesWorldEatersRank18:3,UpgradesWorldEatersRank18:3,UpgradesWorldEatersRank18:3,UpgradesWorldEatersRank18:3
offer_daily_faction_upgrade_crate_worldeaters_bronze	14.99	upgHpR038:1,upgDmgR038:1,upgArmR038:1,UpgradesWorldEatersRank6C,UpgradesWorldEatersRank7C,UpgradesWorldEatersRank8C,UpgradesWorldEatersRank6:3,UpgradesWorldEatersRank6:3,UpgradesWorldEatersRank7:3,UpgradesWorldEatersRank7:3,UpgradesWorldEatersRank8:3,UpgradesWorldEatersRank8:3
offer_daily_faction_upgrade_crate_worldeaters_diamond	34.99	upgHpL118:3,UpgradesWorldEatersRank15C,UpgradesWorldEatersRank16C,UpgradesWorldEatersRank17C,UpgradesWorldEatersRank15:3,UpgradesWorldEatersRank15:3,UpgradesWorldEatersRank16:3,UpgradesWorldEatersRank16:3,UpgradesWorldEatersRank17:3,UpgradesWorldEatersRank17:3
offer_daily_faction_upgrade_crate_worldeaters_gold	29.99	upgHpL118:3,UpgradesWorldEatersRank12C,UpgradesWorldEatersRank13C,UpgradesWorldEatersRank14C,UpgradesWorldEatersRank12:3,UpgradesWorldEatersRank12:3,UpgradesWorldEatersRank13:3,UpgradesWorldEatersRank13:3,UpgradesWorldEatersRank14:3,UpgradesWorldEatersRank14:3
offer_daily_faction_upgrade_crate_worldeaters_iron	7.99	upgHpU014:1,upgDmgU009:1,upgArmU009:1,UpgradesWorldEatersRank3C,UpgradesWorldEatersRank4C,UpgradesWorldEatersRank5C,UpgradesWorldEatersRank3:3,UpgradesWorldEatersRank3:3,UpgradesWorldEatersRank4:3,UpgradesWorldEatersRank4:3,UpgradesWorldEatersRank5:3,UpgradesWorldEatersRank5:3
offer_daily_faction_upgrade_crate_worldeaters_silver	19.99	upgHpR038:1,upgDmgR038:1,upgArmR038:1,UpgradesWorldEatersRank9C,UpgradesWorldEatersRank10C,UpgradesWorldEatersRank11C,UpgradesWorldEatersRank9:3,UpgradesWorldEatersRank9:3,UpgradesWorldEatersRank10:3,UpgradesWorldEatersRank10:3,UpgradesWorldEatersRank11:3,UpgradesWorldEatersRank11:3
offer_daily_grand_alliance_crate_chaos_cu	1.99	dropTableChaosCrateCommonToUncommon:1
offer_daily_grand_alliance_crate_chaos_el	9.99	dropTableChaosCrateEpicToLegendary:1
offer_daily_grand_alliance_crate_chaos_m	14.99	dropTableChaosCrateMythic:1
offer_daily_grand_alliance_crate_chaos_ure	4.99	dropTableChaosCrateUncommonToEpic:1
offer_daily_grand_alliance_crate_imperial_cu	1.99	dropTableImperialCrateCommonToUncommon:1
offer_daily_grand_alliance_crate_imperial_el	9.99	dropTableImperialCrateEpicToLegendary:1
offer_daily_grand_alliance_crate_imperial_m	14.99	dropTableImperialCrateMythic:1
offer_daily_grand_alliance_crate_imperial_ure	4.99	dropTableImperialCrateUncommonToEpic:1
offer_daily_grand_alliance_crate_xenos_cu	1.99	dropTableXenosCrateCommonToUncommon:1
offer_daily_grand_alliance_crate_xenos_el	9.99	dropTableXenosCrateEpicToLegendary:1
offer_daily_grand_alliance_crate_xenos_m	14.99	dropTableXenosCrateMythic:1
offer_daily_grand_alliance_crate_xenos_ure	4.99	dropTableXenosCrateUncommonToEpic:1
offer_daily_imperial_requisition_orders	7.99	summoningToken:3,ShardsImperial:20
offer_daily_imperial_requisition_orders_HD	23.99	summoningToken:9,ShardsImperial:75
offer_daily_imperial_requisition_orders_LD	7.99	summoningToken:3,ShardsImperial:25
offer_daily_imperial_requisition_orders_MD	15.99	summoningToken:6,ShardsImperial:50
offer_daily_imperial_requisition_orders_SHD	39.99	summoningToken:15,ShardsImperial:125
offer_daily_mow_bundle_l	6.99	draft_machinesOfWarTokens:80,draft_abilityTokensRare:5,draft_abilityTokensUncommon:5,draft_abilityTokensCommon:5
offer_daily_mow_bundle_s	2.99	draft_machinesOfWarTokens:20,draft_machinesOfWarTokens:15,draft_abilityTokensUncommon:5,draft_abilityTokensCommon:5
offer_daily_orb_bundle_epic	8.99	draft_ascensionOrbsEpic:5,draft_ascensionOrbsEpic:5,draft_ascensionOrbsEpic:5
offer_daily_orb_bundle_epic_M2_HD	19.99	draft_ascensionOrbsEpic:12,draft_ascensionOrbsEpic:10,draft_ascensionOrbsEpic:10
offer_daily_orb_bundle_epic_M2_LD	7.99	draft_ascensionOrbsEpic:6,draft_ascensionOrbsEpic:4,draft_ascensionOrbsEpic:3
offer_daily_orb_bundle_epic_M2_MD	15.99	draft_ascensionOrbsEpic:10,draft_ascensionOrbsEpic:8,draft_ascensionOrbsEpic:8
offer_daily_orb_bundle_epic_M2_SHD	24.99	draft_ascensionOrbsEpic:20,draft_ascensionOrbsEpic:10,draft_ascensionOrbsEpic:10
offer_daily_orb_bundle_epic_M4_HD	29.99	draft_ascensionOrbsEpic:16,draft_ascensionOrbsEpic:16,draft_ascensionOrbsEpic:16
offer_daily_orb_bundle_epic_M4_LD	9.99	draft_ascensionOrbsEpic:8,draft_ascensionOrbsEpic:8
offer_daily_orb_bundle_epic_M4_MD	24.99	draft_ascensionOrbsEpic:15,draft_ascensionOrbsEpic:15,draft_ascensionOrbsEpic:10
offer_daily_orb_bundle_epic_M4_SHD	34.99	draft_ascensionOrbsEpic:20,draft_ascensionOrbsEpic:20,draft_ascensionOrbsEpic:16
offer_daily_orb_bundle_epic_S4_HD	14.99	draft_ascensionOrbsEpic:8,draft_ascensionOrbsEpic:8,draft_ascensionOrbsEpic:8
offer_daily_orb_bundle_epic_S4_LD	4.99	draft_ascensionOrbsEpic:4,draft_ascensionOrbsEpic:4
offer_daily_orb_bundle_epic_S4_MD	9.99	draft_ascensionOrbsEpic:8,draft_ascensionOrbsEpic:8
offer_daily_orb_bundle_epic_S4_SHD	19.99	draft_ascensionOrbsEpic:12,draft_ascensionOrbsEpic:10,draft_ascensionOrbsEpic:10
offer_daily_orb_bundle_legendary	24.99	draft_ascensionOrbsLegendary:5,draft_ascensionOrbsLegendary:5,draft_ascensionOrbsLegendary:5
offer_daily_orb_bundle_legendary_M4_HD	29.99	draft_ascensionOrbsLegendary:6,draft_ascensionOrbsLegendary:6,draft_ascensionOrbsLegendary:6
offer_daily_orb_bundle_legendary_M4_LD	9.99	draft_ascensionOrbsLegendary:2,draft_ascensionOrbsLegendary:2,draft_ascensionOrbsLegendary:2
offer_daily_orb_bundle_legendary_M4_MD	24.99	draft_ascensionOrbsLegendary:5,draft_ascensionOrbsLegendary:5,draft_ascensionOrbsLegendary:5
offer_daily_orb_bundle_legendary_M4_SHD	34.99	draft_ascensionOrbsLegendary:7,draft_ascensionOrbsLegendary:7,draft_ascensionOrbsLegendary:7
offer_daily_orb_bundle_legendary_S4_HD	14.99	draft_ascensionOrbsLegendary:3,draft_ascensionOrbsLegendary:3,draft_ascensionOrbsLegendary:3
offer_daily_orb_bundle_legendary_S4_LD	4.99	draft_ascensionOrbsLegendary:1,draft_ascensionOrbsLegendary:1,draft_ascensionOrbsLegendary:1
offer_daily_orb_bundle_legendary_S4_MD	9.99	draft_ascensionOrbsLegendary:2,draft_ascensionOrbsLegendary:2,draft_ascensionOrbsLegendary:2
offer_daily_orb_bundle_legendary_S4_SHD	24.99	draft_ascensionOrbsLegendary:5,draft_ascensionOrbsLegendary:5,draft_ascensionOrbsLegendary:5
offer_daily_orb_bundle_legendary_irregular_L3_HD	44.99	draft_ascensionOrbsLegendary:15,draft_ascensionOrbsLegendary:7,draft_ascensionOrbsLegendary:5
offer_daily_orb_bundle_legendary_irregular_L3_LD	19.99	draft_ascensionOrbsLegendary:5,draft_ascensionOrbsLegendary:4,draft_ascensionOrbsLegendary:3
offer_daily_orb_bundle_legendary_irregular_L3_MD	34.99	draft_ascensionOrbsLegendary:10,draft_ascensionOrbsLegendary:6,draft_ascensionOrbsLegendary:5
offer_daily_orb_bundle_legendary_irregular_L3_SHD	49.99	draft_ascensionOrbsLegendary:15,draft_ascensionOrbsLegendary:10,draft_ascensionOrbsLegendary:5
offer_daily_orb_bundle_legendary_uniform_L3_HD	44.99	draft_ascensionOrbsLegendary:9,draft_ascensionOrbsLegendary:9,draft_ascensionOrbsLegendary:9
offer_daily_orb_bundle_legendary_uniform_L3_LD	19.99	draft_ascensionOrbsLegendary:4,draft_ascensionOrbsLegendary:4,draft_ascensionOrbsLegendary:4
offer_daily_orb_bundle_legendary_uniform_L3_MD	34.99	draft_ascensionOrbsLegendary:7,draft_ascensionOrbsLegendary:7,draft_ascensionOrbsLegendary:7
offer_daily_orb_bundle_legendary_uniform_L3_SHD	49.99	draft_ascensionOrbsLegendary:10,draft_ascensionOrbsLegendary:10,draft_ascensionOrbsLegendary:10
offer_daily_orb_bundle_mythic	24.99	draft_ascensionOrbsMythic:3,draft_ascensionOrbsMythic:2,draft_ascensionOrbsMythic:1
offer_daily_orb_bundle_mythic_L2_HD	39.99	draft_ascensionOrbsMythic:4,draft_ascensionOrbsMythic:4,draft_ascensionOrbsMythic:4
offer_daily_orb_bundle_mythic_L2_LD	19.99	draft_ascensionOrbsMythic:2,draft_ascensionOrbsMythic:2,draft_ascensionOrbsMythic:2
offer_daily_orb_bundle_mythic_L2_MD	29.99	draft_ascensionOrbsMythic:3,draft_ascensionOrbsMythic:3,draft_ascensionOrbsMythic:3
offer_daily_orb_bundle_mythic_L2_SHD	49.99	draft_ascensionOrbsMythic:5,draft_ascensionOrbsMythic:5,draft_ascensionOrbsMythic:5
offer_daily_orb_bundle_mythic_M4_HD	29.99	draft_ascensionOrbsMythic:3,draft_ascensionOrbsMythic:3,draft_ascensionOrbsMythic:3
offer_daily_orb_bundle_mythic_M4_LD	9.99	draft_ascensionOrbsMythic:1,draft_ascensionOrbsMythic:1,draft_ascensionOrbsMythic:1
offer_daily_orb_bundle_mythic_M4_MD	19.99	draft_ascensionOrbsMythic:2,draft_ascensionOrbsMythic:2,draft_ascensionOrbsMythic:2
offer_daily_orb_bundle_mythic_M4_SHD	39.99	draft_ascensionOrbsMythic:4,draft_ascensionOrbsMythic:4,draft_ascensionOrbsMythic:4
offer_daily_orb_bundle_rare	4.99	draft_ascensionOrbsRare:5,draft_ascensionOrbsRare:5,draft_ascensionOrbsRare:5
offer_daily_orb_bundle_rare_S2_HD	9.99	draft_ascensionOrbsRare:12,draft_ascensionOrbsRare:12,draft_ascensionOrbsRare:12,draft_ascensionOrbsUncommon:5,draft_ascensionOrbsUncommon:5
offer_daily_orb_bundle_rare_S2_LD	4.99	draft_ascensionOrbsRare:10,draft_ascensionOrbsRare:8,draft_ascensionOrbsUncommon:5
offer_daily_orb_bundle_rare_S2_MD	7.99	draft_ascensionOrbsRare:14,draft_ascensionOrbsRare:14,draft_ascensionOrbsUncommon:5,draft_ascensionOrbsUncommon:5
offer_daily_orb_bundle_rare_S2_SHD	15.99	draft_ascensionOrbsRare:20,draft_ascensionOrbsRare:20,draft_ascensionOrbsRare:20,draft_ascensionOrbsUncommon:5,draft_ascensionOrbsUncommon:5
offer_daily_orb_bundle_rare_XS4_HD	5.99	draft_ascensionOrbsRare:10,draft_ascensionOrbsRare:10,draft_ascensionOrbsUncommon:5,draft_ascensionOrbsUncommon:5
offer_daily_orb_bundle_rare_XS4_LD	2.99	draft_ascensionOrbsRare:5,draft_ascensionOrbsRare:5,draft_ascensionOrbsUncommon:5
offer_daily_orb_bundle_rare_XS4_MD	5.99	draft_ascensionOrbsRare:10,draft_ascensionOrbsRare:10,draft_ascensionOrbsUncommon:5,draft_ascensionOrbsUncommon:5
offer_daily_orb_bundle_rare_XS4_SHD	8.99	draft_ascensionOrbsRare:10,draft_ascensionOrbsRare:10,draft_ascensionOrbsRare:10,draft_ascensionOrbsUncommon:5,draft_ascensionOrbsUncommon:5,draft_ascensionOrbsUncommon:5
offer_daily_requisition_orders_l	14.99	summoningToken:6,gems:800
offer_daily_requisition_orders_m	8.99	summoningToken:4,gems:350
offer_daily_requisition_orders_s	4.99	summoningToken:2,gems:250
offer_daily_requisition_orders_xl	19.99	summoningToken:8,gems:1100
offer_daily_resources_M1_HD	15.99	stamina:720,raidTicket:120,gems:825
offer_daily_resources_M1_LD	6.99	stamina:300,raidTicket:55,gems:380
offer_daily_resources_M1_MD	13.99	stamina:612,raidTicket:102,gems:760
offer_daily_resources_M1_SHD	23.99	stamina:1140,raidTicket:190,gems:1050
offer_daily_resources_S1_HD	8.99	stamina:396,raidTicket:66,gems:480
offer_daily_resources_S1_LD	3.99	stamina:180,raidTicket:30,gems:200
offer_daily_resources_S1_MD	6.99	stamina:300,raidTicket:55,gems:380
offer_daily_resources_S1_SHD	9.99	stamina:444,raidTicket:74,gems:520
offer_daily_resources_XS2_HD	4.99	stamina:222,raidTicket:37,gems:260
offer_daily_resources_XS2_LD	1.99	stamina:90,raidTicket:15,gems:100
offer_daily_resources_XS2_MD	3.99	stamina:180,raidTicket:30,gems:200
offer_daily_resources_XS2_SHD	4.99	stamina:222,raidTicket:37,gems:260
offer_daily_resources_m	3.99	gems:200,stamina:180,raidTicket:30
offer_daily_resources_s	1.99	gems:100,stamina:90,raidTicket:15
offer_daily_standard_requisitions_L2_HD	39.99	summoningToken:27
offer_daily_standard_requisitions_L2_LD	14.99	summoningToken:10
offer_daily_standard_requisitions_L2_MD	29.99	summoningToken:20
offer_daily_standard_requisitions_L2_SHD	49.99	summoningToken:34
offer_daily_standard_requisitions_M2_HD	19.99	summoningToken:12
offer_daily_standard_requisitions_M2_LD	4.99	summoningToken:3
offer_daily_standard_requisitions_M2_MD	14.99	summoningToken:9
offer_daily_standard_requisitions_M2_SHD	24.99	summoningToken:15
offer_daily_standard_requisitions_gems_L2_HD	23.99	summoningToken:15,gems:300
offer_daily_standard_requisitions_gems_L2_LD	7.99	summoningToken:5,gems:100
offer_daily_standard_requisitions_gems_L2_MD	15.99	summoningToken:10,gems:200
offer_daily_standard_requisitions_gems_L2_SHD	39.99	summoningToken:25,gems:500
offer_daily_standard_requisitions_gems_M1_HD	15.99	summoningToken:8,gems:480
offer_daily_standard_requisitions_gems_M1_LD	3.99	summoningToken:2,gems:120
offer_daily_standard_requisitions_gems_M1_MD	13.99	summoningToken:7,gems:420
offer_daily_standard_requisitions_gems_M1_SHD	23.99	summoningToken:12,gems:720
offer_daily_standard_requisitions_gems_M2_HD	19.99	summoningToken:10,gems:700
offer_daily_standard_requisitions_gems_M2_LD	3.99	summoningToken:3,gems:210
offer_daily_standard_requisitions_gems_M2_MD	15.99	summoningToken:8,gems:560
offer_daily_standard_requisitions_gems_M2_SHD	29.99	summoningToken:15,gems:1050
offer_daily_xenos_requisition_orders	7.99	summoningToken:3,ShardsXenos:20
offer_daily_xenos_requisition_orders_HD	23.99	summoningToken:9,ShardsXenos:75
offer_daily_xenos_requisition_orders_LD	7.99	summoningToken:3,ShardsXenos:25
offer_daily_xenos_requisition_orders_MD	15.99	summoningToken:6,ShardsXenos:50
offer_daily_xenos_requisition_orders_SHD	39.99	summoningToken:15,ShardsXenos:125
offer_daily_xpbook_bundle_l	4.99	xpLegendary:10,xpEpic:10,gold:6500
offer_daily_xpbook_bundle_s	1.99	xpEpic:15,xpRare:15,gold:3000
offer_daily_xpbook_bundle_xl	7.99	xpMythic:2,xpLegendary:10,gold:8000
